Data as of;Week;Region;New confirmed human infections;Total number of confirmed human infections;New confirmed human deaths;Total number of confirmed human deaths;New outbreaks in equids;Total number of outbreaks in equids;New deaths in equids;Total number of deaths in equids;New outbreaks in birds;Total number of outbreaks in birds;maxtempC;mintempC;humidity;precipMM
31/10/12;2012-W44;Basilicata;1;1;NA;NA;0;NA;NA;NA;NA;NA;12;6;89;20.4
07/11/12;2012-W45;Basilicata;0;1;NA;NA;0;NA;NA;NA;NA;NA;13;6;84;11.1
14/11/12;2012-W46;Basilicata;0;1;NA;NA;0;NA;NA;NA;NA;NA;15;10;87;0.2
21/11/12;2012-W47;Basilicata;0;1;NA;NA;0;NA;NA;NA;NA;NA;13;11;96;30.3
05/12/12;2012-W49;Basilicata;0;1;NA;NA;0;NA;NA;NA;NA;NA;9;3;78;3.1
12/12/12;2012-W50;Basilicata;0;1;NA;NA;0;NA;NA;NA;NA;NA;5;-1;81;0.0
27/09/12;2012-W39;Friuli-Venezia Giulia;2;2;NA;NA;0;NA;NA;NA;NA;NA;23;18;85;42.5
04/10/12;2012-W40;Friuli-Venezia Giulia;0;2;NA;NA;0;NA;NA;NA;NA;NA;21;15;83;1.5
10/10/12;2012-W41;Friuli-Venezia Giulia;0;2;NA;NA;0;NA;NA;NA;NA;NA;17;13;85;4.3
17/10/12;2012-W42;Friuli-Venezia Giulia;0;2;NA;NA;0;NA;NA;NA;NA;NA;18;12;82;0.0
24/10/12;2012-W43;Friuli-Venezia Giulia;0;2;NA;NA;0;NA;NA;NA;NA;NA;20;10;70;0.0
31/10/12;2012-W44;Friuli-Venezia Giulia;2;4;NA;NA;0;NA;NA;NA;NA;NA;14;7;80;3.9
07/11/12;2012-W45;Friuli-Venezia Giulia;0;4;NA;NA;0;NA;NA;NA;NA;NA;14;6;67;0.0
14/11/12;2012-W46;Friuli-Venezia Giulia;0;4;NA;NA;0;NA;NA;NA;NA;NA;14;7;78;0.0
21/11/12;2012-W47;Friuli-Venezia Giulia;0;4;NA;NA;0;NA;NA;NA;NA;NA;14;8;80;0.0
05/12/12;2012-W49;Friuli-Venezia Giulia;0;4;NA;NA;0;NA;NA;NA;NA;NA;8;3;72;0.0
12/12/12;2012-W50;Friuli-Venezia Giulia;0;4;NA;NA;0;NA;NA;NA;NA;NA;3;-2;76;0.1
27/09/12;2012-W39;Sardegna;2;2;NA;NA;0;NA;NA;NA;NA;NA;28;19;69;0.0
04/10/12;2012-W40;Sardegna;0;2;NA;NA;0;NA;NA;NA;NA;NA;25;14;68;0.0
10/10/12;2012-W41;Sardegna;0;2;NA;NA;0;NA;NA;NA;NA;NA;24;18;83;0.0
17/10/12;2012-W42;Sardegna;0;2;NA;NA;0;NA;NA;NA;NA;NA;23;13;69;0.0
24/10/12;2012-W43;Sardegna;0;2;NA;NA;0;NA;NA;NA;NA;NA;22;15;78;1.2
31/10/12;2012-W44;Sardegna;0;2;NA;NA;0;NA;NA;NA;NA;NA;18;13;81;5.8
07/11/12;2012-W45;Sardegna;0;2;NA;NA;0;NA;NA;NA;NA;NA;17;10;75;0.0
14/11/12;2012-W46;Sardegna;0;2;NA;NA;0;NA;NA;NA;NA;NA;21;15;80;0.1
21/11/12;2012-W47;Sardegna;0;2;NA;NA;0;NA;NA;NA;NA;NA;18;10;81;0.0
05/12/12;2012-W49;Sardegna;0;2;NA;NA;0;NA;NA;NA;NA;NA;12;8;76;10.6
12/12/12;2012-W50;Sardegna;0;2;NA;NA;0;NA;NA;NA;NA;NA;12;4;68;0.0
27/09/12;2012-W39;Veneto;29;29;NA;NA;0;NA;NA;NA;NA;NA;25;17;72;9.1
04/10/12;2012-W40;Veneto;3;32;NA;NA;0;NA;NA;NA;NA;NA;22;15;81;6.3
10/10/12;2012-W41;Veneto;1;33;NA;NA;0;NA;NA;NA;NA;NA;19;13;89;7.7
17/10/12;2012-W42;Veneto;3;36;NA;NA;0;NA;NA;NA;NA;NA;18;11;76;0.0
24/10/12;2012-W43;Veneto;2;38;NA;NA;0;NA;NA;NA;NA;NA;20;11;65;0.0
31/10/12;2012-W44;Veneto;0;38;NA;NA;0;NA;NA;NA;NA;NA;11;5;81;28.0
07/11/12;2012-W45;Veneto;0;38;NA;NA;0;NA;NA;NA;NA;NA;15;5;62;0.0
14/11/12;2012-W46;Veneto;0;38;NA;NA;0;NA;NA;NA;NA;NA;16;10;76;0.0
21/11/12;2012-W47;Veneto;0;38;NA;NA;0;NA;NA;NA;NA;NA;15;7;75;0.0
05/12/12;2012-W49;Veneto;0;38;NA;NA;0;NA;NA;NA;NA;NA;8;1;68;0.2
12/12/12;2012-W50;Veneto;0;38;NA;NA;0;NA;NA;NA;NA;NA;5;-2;57;0.0
05/09/13;2013-W36;Emilia-Romagna;22;22;NA;NA;0;NA;NA;NA;NA;NA;31;18;67;0.0
12/09/13;2013-W37;Emilia-Romagna;1;23;NA;NA;0;NA;NA;NA;NA;NA;23;12;77;1.3
19/09/13;2013-W38;Emilia-Romagna;3;26;NA;NA;0;NA;NA;NA;NA;NA;25;14;69;0.0
26/09/13;2013-W39;Emilia-Romagna;4;30;NA;NA;0;NA;NA;NA;NA;NA;27;16;71;0.0
03/10/13;2013-W40;Emilia-Romagna;1;31;NA;NA;0;NA;NA;NA;NA;NA;18;11;75;0.0
10/10/13;2013-W41;Emilia-Romagna;1;32;NA;NA;0;NA;NA;NA;NA;NA;21;13;79;2.5
17/10/13;2013-W42;Emilia-Romagna;0;32;NA;NA;0;NA;NA;NA;NA;NA;20;11;72;0.0
24/10/13;2013-W43;Emilia-Romagna;0;32;NA;NA;0;NA;NA;NA;NA;NA;23;16;87;13.4
31/10/13;2013-W44;Emilia-Romagna;0;32;NA;NA;0;NA;NA;NA;NA;NA;17;11;76;0.0
07/11/13;2013-W45;Emilia-Romagna;0;32;NA;NA;0;NA;NA;NA;NA;NA;18;12;83;0.0
14/11/13;2013-W46;Emilia-Romagna;0;32;NA;NA;0;NA;NA;NA;NA;NA;14;9;85;0.1
21/11/13;2013-W47;Emilia-Romagna;0;32;NA;NA;0;NA;NA;NA;NA;NA;10;5;86;15.5
28/11/13;2013-W48;Emilia-Romagna;0;32;NA;NA;0;NA;NA;NA;NA;NA;6;-1;57;0.0
05/09/13;2013-W36;Lombardia;4;4;NA;NA;0;NA;NA;NA;NA;NA;23;13;89;14.2
12/09/13;2013-W37;Lombardia;0;4;NA;NA;0;NA;NA;NA;NA;NA;25;13;87;38.6
19/09/13;2013-W38;Lombardia;1;5;NA;NA;0;NA;NA;NA;NA;NA;22;15;92;40.7
26/09/13;2013-W39;Lombardia;3;8;NA;NA;0;NA;NA;NA;NA;NA;18;15;96;41.9
03/10/13;2013-W40;Lombardia;0;8;NA;NA;0;NA;NA;NA;NA;NA;23;11;87;30.2
10/10/13;2013-W41;Lombardia;2;10;NA;NA;0;NA;NA;NA;NA;NA;22;13;89;17.6
17/10/13;2013-W42;Lombardia;0;10;NA;NA;0;NA;NA;NA;NA;NA;24;11;86;15.2
24/10/13;2013-W43;Lombardia;0;10;NA;NA;0;NA;NA;NA;NA;NA;18;13;89;19.4
31/10/13;2013-W44;Lombardia;1;11;NA;NA;0;NA;NA;NA;NA;NA;22;14;87;5.8
07/11/13;2013-W45;Lombardia;0;11;NA;NA;0;NA;NA;NA;NA;NA;22;13;85;8.6
14/11/13;2013-W46;Lombardia;0;11;NA;NA;0;NA;NA;NA;NA;NA;21;7;75;1.9
21/11/13;2013-W47;Lombardia;0;11;NA;NA;0;NA;NA;NA;NA;NA;22;7;82;4.6
28/11/13;2013-W48;Lombardia;0;11;NA;NA;0;NA;NA;NA;NA;NA;22;9;77;0.1
03/10/13;2013-W40;Puglia;1;1;NA;NA;0;NA;NA;NA;NA;NA;22;12;53;0.0
10/10/13;2013-W41;Puglia;0;1;NA;NA;0;NA;NA;NA;NA;NA;22;15;80;9.1
17/10/13;2013-W42;Puglia;0;1;NA;NA;0;NA;NA;NA;NA;NA;24;12;57;1.9
24/10/13;2013-W43;Puglia;0;1;NA;NA;0;NA;NA;NA;NA;NA;24;13;77;0.0
31/10/13;2013-W44;Puglia;0;1;NA;NA;0;NA;NA;NA;NA;NA;24;14;75;0.0
07/11/13;2013-W45;Puglia;0;1;NA;NA;0;NA;NA;NA;NA;NA;22;12;69;5.6
14/11/13;2013-W46;Puglia;0;1;NA;NA;0;NA;NA;NA;NA;NA;20;12;75;0.0
21/11/13;2013-W47;Puglia;0;1;NA;NA;0;NA;NA;NA;NA;NA;13;10;77;0.0
28/11/13;2013-W48;Puglia;0;1;NA;NA;0;NA;NA;NA;NA;NA;9;2;83;0.3
05/09/13;2013-W36;Veneto;9;9;NA;NA;0;NA;NA;NA;NA;NA;28;16;76;0.0
12/09/13;2013-W37;Veneto;6;15;NA;NA;0;NA;NA;NA;NA;NA;23;11;69;0.0
19/09/13;2013-W38;Veneto;0;15;NA;NA;0;NA;NA;NA;NA;NA;24;13;70;3.7
26/09/13;2013-W39;Veneto;7;22;NA;NA;0;NA;NA;NA;NA;NA;24;15;82;7.7
03/10/13;2013-W40;Veneto;0;22;NA;NA;0;NA;NA;NA;NA;NA;17;11;70;1.6
10/10/13;2013-W41;Veneto;1;23;NA;NA;0;NA;NA;NA;NA;NA;20;13;84;0.1
17/10/13;2013-W42;Veneto;2;25;NA;NA;0;NA;NA;NA;NA;NA;20;10;68;15.2
24/10/13;2013-W43;Veneto;0;25;NA;NA;0;NA;NA;NA;NA;NA;21;16;90;0.0
31/10/13;2013-W44;Veneto;0;25;NA;NA;0;NA;NA;NA;NA;NA;18;12;70;30.0
07/11/13;2013-W45;Veneto;0;25;NA;NA;0;NA;NA;NA;NA;NA;18;11;78;0.0
14/11/13;2013-W46;Veneto;1;26;NA;NA;0;NA;NA;NA;NA;NA;14;9;76;0.0
21/11/13;2013-W47;Veneto;0;26;NA;NA;0;NA;NA;NA;NA;NA;12;6;85;1.6
28/11/13;2013-W48;Veneto;0;26;NA;NA;0;NA;NA;NA;NA;NA;8;1;56;11.3
02/09/14;2014-W36;Emilia-Romagna;3;3;NA;NA;0;NA;NA;NA;NA;NA;23;14;71;0.0
09/09/14;2014-W37;Emilia-Romagna;5;8;NA;NA;0;NA;NA;NA;NA;NA;30;19;74;10.7
17/09/14;2014-W38;Emilia-Romagna;0;8;NA;NA;0;NA;NA;NA;NA;NA;24;15;79;0.8
24/09/14;2014-W39;Emilia-Romagna;0;8;NA;NA;0;NA;NA;NA;NA;NA;21;12;64;0.0
01/10/14;2014-W40;Emilia-Romagna;1;9;NA;NA;0;NA;NA;NA;NA;NA;23;15;83;1.2
08/10/14;2014-W41;Emilia-Romagna;0;9;NA;NA;0;NA;NA;NA;NA;NA;26;16;80;0.3
15/10/14;2014-W42;Emilia-Romagna;1;10;NA;NA;0;NA;NA;NA;NA;NA;24;16;82;0.9
22/10/14;2014-W43;Emilia-Romagna;0;10;NA;NA;0;NA;NA;NA;NA;NA;16;9;49;1.2
29/10/14;2014-W44;Emilia-Romagna;0;10;NA;NA;0;NA;NA;NA;NA;NA;17;6;74;0.0
05/11/14;2014-W45;Emilia-Romagna;0;10;NA;NA;0;NA;NA;NA;NA;NA;19;14;81;4.4
12/11/14;2014-W46;Emilia-Romagna;0;10;NA;NA;0;NA;NA;NA;NA;NA;16;13;92;8.7
19/11/14;2014-W47;Emilia-Romagna;0;10;NA;NA;0;NA;NA;NA;NA;NA;15;7;89;0.1
26/11/14;2014-W48;Emilia-Romagna;0;10;NA;NA;0;NA;NA;NA;NA;NA;8;7;90;2.1
02/09/14;2014-W36;Lombardia;2;2;NA;NA;0;NA;NA;NA;NA;NA;20;13;95;22.4
09/09/14;2014-W37;Lombardia;1;3;NA;NA;0;NA;NA;NA;NA;NA;24;14;88;38.9
17/09/14;2014-W38;Lombardia;2;5;NA;NA;0;NA;NA;NA;NA;NA;23;15;89;23.9
24/09/14;2014-W39;Lombardia;2;7;NA;NA;0;NA;NA;NA;NA;NA;23;14;90;49.5
01/10/14;2014-W40;Lombardia;2;9;NA;NA;0;NA;NA;NA;NA;NA;23;14;92;15.4
08/10/14;2014-W41;Lombardia;1;10;NA;NA;0;NA;NA;NA;NA;NA;23;11;82;10.3
15/10/14;2014-W42;Lombardia;3;13;NA;NA;0;NA;NA;NA;NA;NA;25;12;78;14.6
22/10/14;2014-W43;Lombardia;0;13;NA;NA;0;NA;NA;NA;NA;NA;22;14;90;26.0
29/10/14;2014-W44;Lombardia;0;13;NA;NA;0;NA;NA;NA;NA;NA;26;9;76;0.0
05/11/14;2014-W45;Lombardia;0;13;NA;NA;0;NA;NA;NA;NA;NA;20;12;82;0.5
12/11/14;2014-W46;Lombardia;0;13;NA;NA;0;NA;NA;NA;NA;NA;21;9;87;1.4
19/11/14;2014-W47;Lombardia;0;13;NA;NA;0;NA;NA;NA;NA;NA;23;11;70;2.0
26/11/14;2014-W48;Lombardia;0;13;NA;NA;0;NA;NA;NA;NA;NA;22;8;45;0.0
09/09/14;2014-W37;Veneto;1;1;NA;NA;0;NA;NA;NA;NA;NA;26;16;79;6.2
17/09/14;2014-W38;Veneto;0;1;NA;NA;0;NA;NA;NA;NA;NA;23;15;76;0.3
24/09/14;2014-W39;Veneto;0;1;NA;NA;0;NA;NA;NA;NA;NA;21;12;73;0.1
01/10/14;2014-W40;Veneto;0;1;NA;NA;0;NA;NA;NA;NA;NA;20;16;88;8.2
08/10/14;2014-W41;Veneto;0;1;NA;NA;0;NA;NA;NA;NA;NA;23;16;85;3.8
15/10/14;2014-W42;Veneto;0;1;NA;NA;0;NA;NA;NA;NA;NA;23;15;77;5.4
22/10/14;2014-W43;Veneto;0;1;NA;NA;0;NA;NA;NA;NA;NA;17;9;54;12.6
29/10/14;2014-W44;Veneto;0;1;NA;NA;0;NA;NA;NA;NA;NA;15;7;70;0.0
05/11/14;2014-W45;Veneto;0;1;NA;NA;0;NA;NA;NA;NA;NA;17;15;87;25.4
12/11/14;2014-W46;Veneto;0;1;NA;NA;0;NA;NA;NA;NA;NA;17;14;89;41.7
19/11/14;2014-W47;Veneto;0;1;NA;NA;0;NA;NA;NA;NA;NA;15;7;77;0.0
26/11/14;2014-W48;Veneto;0;1;NA;NA;0;NA;NA;NA;NA;NA;10;7;76;0.0
05/08/15;2015-W32;Emilia-Romagna;1;1;NA;NA;0;NA;NA;NA;NA;NA;34;22;50;0.0
02/09/15;2015-W36;Emilia-Romagna;13;14;NA;NA;0;NA;NA;NA;NA;NA;33;18;59;1.4
09/09/15;2015-W37;Emilia-Romagna;6;20;NA;NA;0;NA;NA;NA;NA;NA;23;14;56;1.0
16/09/15;2015-W38;Emilia-Romagna;2;22;NA;NA;0;NA;NA;NA;NA;NA;19;17;70;0.0
23/09/15;2015-W39;Emilia-Romagna;7;29;NA;NA;0;NA;NA;NA;NA;NA;24;12;65;2.7
30/09/15;2015-W40;Emilia-Romagna;0;29;NA;NA;0;NA;NA;NA;NA;NA;18;11;60;0.3
07/10/15;2015-W41;Emilia-Romagna;1;30;NA;NA;0;NA;NA;NA;NA;NA;23;14;78;0.5
14/10/15;2015-W42;Emilia-Romagna;0;30;NA;NA;0;NA;NA;NA;NA;NA;21;14;88;14.9
21/10/15;2015-W43;Emilia-Romagna;0;30;NA;NA;0;NA;NA;NA;NA;NA;16;8;65;0.0
28/10/15;2015-W44;Emilia-Romagna;0;30;NA;NA;0;NA;NA;NA;NA;NA;13;12;91;18.9
26/11/15;2015-W48;Emilia-Romagna;1;31;NA;NA;0;NA;NA;NA;NA;NA;7;2;83;0.1
02/09/15;2015-W36;Friuli-Venezia Giulia;1;1;NA;NA;0;NA;NA;NA;NA;NA;28;19;62;1.4
09/09/15;2015-W37;Friuli-Venezia Giulia;0;1;NA;NA;0;NA;NA;NA;NA;NA;22;14;52;0.0
16/09/15;2015-W38;Friuli-Venezia Giulia;0;1;NA;NA;0;NA;NA;NA;NA;NA;21;18;78;4.9
23/09/15;2015-W39;Friuli-Venezia Giulia;0;1;NA;NA;0;NA;NA;NA;NA;NA;19;13;82;62.5
30/09/15;2015-W40;Friuli-Venezia Giulia;0;1;NA;NA;0;NA;NA;NA;NA;NA;17;12;56;0.0
07/10/15;2015-W41;Friuli-Venezia Giulia;-1;0;NA;NA;0;NA;NA;NA;NA;NA;19;15;81;16.3
14/10/15;2015-W42;Friuli-Venezia Giulia;0;0;NA;NA;0;NA;NA;NA;NA;NA;17;12;89;44.1
21/10/15;2015-W43;Friuli-Venezia Giulia;0;0;NA;NA;0;NA;NA;NA;NA;NA;16;8;63;0.0
28/10/15;2015-W44;Friuli-Venezia Giulia;0;0;NA;NA;0;NA;NA;NA;NA;NA;18;12;73;0.5
26/11/15;2015-W48;Friuli-Venezia Giulia;0;0;NA;NA;0;NA;NA;NA;NA;NA;9;4;68;0.7
02/09/15;2015-W36;Lombardia;15;15;NA;NA;0;NA;NA;NA;NA;NA;24;14;79;12.8
09/09/15;2015-W37;Lombardia;0;15;NA;NA;0;NA;NA;NA;NA;NA;26;12;77;15.5
16/09/15;2015-W38;Lombardia;3;18;NA;NA;0;NA;NA;NA;NA;NA;22;16;85;18.2
23/09/15;2015-W39;Lombardia;3;21;NA;NA;0;NA;NA;NA;NA;NA;26;13;67;0.0
30/09/15;2015-W40;Lombardia;0;21;NA;NA;0;NA;NA;NA;NA;NA;24;12;80;3.1
07/10/15;2015-W41;Lombardia;6;27;NA;NA;0;NA;NA;NA;NA;NA;25;13;76;5.4
14/10/15;2015-W42;Lombardia;0;27;NA;NA;0;NA;NA;NA;NA;NA;27;14;64;1.5
21/10/15;2015-W43;Lombardia;0;27;NA;NA;0;NA;NA;NA;NA;NA;27;13;69;0.2
28/10/15;2015-W44;Lombardia;0;27;NA;NA;0;NA;NA;NA;NA;NA;24;13;81;0.2
26/11/15;2015-W48;Lombardia;1;28;NA;NA;0;NA;NA;NA;NA;NA;23;15;77;1.2
26/11/15;2015-W48;Piemonte;1;1;NA;NA;0;NA;NA;NA;NA;NA;5;2;86;10.1
23/09/15;2015-W39;Veneto;1;1;NA;NA;0;NA;NA;NA;NA;NA;20;13;72;17.5
30/09/15;2015-W40;Veneto;0;1;NA;NA;0;NA;NA;NA;NA;NA;18;12;57;0.0
07/10/15;2015-W41;Veneto;0;1;NA;NA;0;NA;NA;NA;NA;NA;22;13;76;14.7
14/10/15;2015-W42;Veneto;0;1;NA;NA;0;NA;NA;NA;NA;NA;17;14;90;12.9
21/10/15;2015-W43;Veneto;0;1;NA;NA;0;NA;NA;NA;NA;NA;17;9;53;0.0
28/10/15;2015-W44;Veneto;0;1;NA;NA;0;NA;NA;NA;NA;NA;15;13;79;9.8
26/11/15;2015-W48;Veneto;0;1;NA;NA;0;NA;NA;NA;NA;NA;9;5;68;1.8
28/07/16;2016-W30;Emilia-Romagna;1;1;NA;NA;0;NA;NA;NA;NA;NA;31;19;67;1.3
01/09/16;2016-W35;Emilia-Romagna;13;14;NA;NA;0;NA;NA;NA;NA;NA;32;17;52;0.1
07/09/16;2016-W36;Emilia-Romagna;8;22;NA;NA;0;NA;NA;NA;NA;NA;27;16;65;0.0
14/09/16;2016-W37;Emilia-Romagna;1;23;NA;NA;0;NA;NA;NA;NA;NA;32;18;52;0.1
21/09/16;2016-W38;Emilia-Romagna;3;26;NA;NA;0;NA;NA;NA;NA;NA;21;14;78;17.7
28/09/16;2016-W39;Emilia-Romagna;3;29;NA;NA;0;NA;NA;NA;NA;NA;28;15;58;0.0
05/10/16;2016-W40;Emilia-Romagna;1;30;NA;NA;0;NA;NA;NA;NA;NA;22;12;59;1.6
19/10/16;2016-W42;Emilia-Romagna;2;32;NA;NA;0;NA;NA;NA;NA;NA;20;12;83;1.8
26/10/16;2016-W43;Emilia-Romagna;0;32;NA;NA;0;NA;NA;NA;NA;NA;16;11;94;3.6
31/10/16;2016-W44;Emilia-Romagna;0;32;NA;NA;0;NA;NA;NA;NA;NA;17;8;82;0.0
01/09/16;2016-W35;Lombardia;5;5;NA;NA;0;NA;NA;NA;NA;NA;25;13;84;28.0
07/09/16;2016-W36;Lombardia;1;6;NA;NA;0;NA;NA;NA;NA;NA;25;12;77;18.7
14/09/16;2016-W37;Lombardia;4;10;NA;NA;0;NA;NA;NA;NA;NA;26;15;79;23.6
21/09/16;2016-W38;Lombardia;1;11;NA;NA;0;NA;NA;NA;NA;NA;24;14;81;36.8
28/09/16;2016-W39;Lombardia;1;12;NA;NA;0;NA;NA;NA;NA;NA;22;13;88;20.1
05/10/16;2016-W40;Lombardia;2;14;NA;NA;0;NA;NA;NA;NA;NA;25;13;83;20.1
19/10/16;2016-W42;Lombardia;0;14;NA;NA;0;NA;NA;NA;NA;NA;26;11;76;3.1
26/10/16;2016-W43;Lombardia;3;17;NA;NA;0;NA;NA;NA;NA;NA;25;13;63;0.0
31/10/16;2016-W44;Lombardia;4;21;NA;NA;0;NA;NA;NA;NA;NA;24;12;73;7.4
14/09/16;2016-W37;Piemonte;1;1;NA;NA;0;NA;NA;NA;NA;NA;28;13;70;2.7
21/09/16;2016-W38;Piemonte;0;1;NA;NA;0;NA;NA;NA;NA;NA;22;11;80;5.5
28/09/16;2016-W39;Piemonte;0;1;NA;NA;0;NA;NA;NA;NA;NA;21;8;62;0.0
05/10/16;2016-W40;Piemonte;0;1;NA;NA;0;NA;NA;NA;NA;NA;18;8;70;0.2
19/10/16;2016-W42;Piemonte;0;1;NA;NA;0;NA;NA;NA;NA;NA;16;7;84;0.4
26/10/16;2016-W43;Piemonte;0;1;NA;NA;0;NA;NA;NA;NA;NA;20;13;87;13.0
31/10/16;2016-W44;Piemonte;0;1;NA;NA;0;NA;NA;NA;NA;NA;15;7;72;0.0
28/09/16;2016-W39;Sicilia;1;1;NA;NA;0;NA;NA;NA;NA;NA;26;19;59;0.1
05/10/16;2016-W40;Sicilia;0;1;NA;NA;0;NA;NA;NA;NA;NA;26;20;58;0.0
19/10/16;2016-W42;Sicilia;0;1;NA;NA;0;NA;NA;NA;NA;NA;24;18;72;0.9
26/10/16;2016-W43;Sicilia;0;1;NA;NA;0;NA;NA;NA;NA;NA;26;20;81;0.0
31/10/16;2016-W44;Sicilia;0;1;NA;NA;0;NA;NA;NA;NA;NA;23;16;59;0.0
01/09/16;2016-W35;Veneto;7;7;NA;NA;0;NA;NA;NA;NA;NA;30;18;66;0.3
07/09/16;2016-W36;Veneto;2;9;NA;NA;0;NA;NA;NA;NA;NA;28;16;59;0.4
14/09/16;2016-W37;Veneto;2;11;NA;NA;0;NA;NA;NA;NA;NA;29;19;67;3.2
21/09/16;2016-W38;Veneto;1;12;NA;NA;0;NA;NA;NA;NA;NA;20;15;70;9.8
28/09/16;2016-W39;Veneto;2;14;NA;NA;0;NA;NA;NA;NA;NA;25;14;71;0.0
05/10/16;2016-W40;Veneto;0;14;NA;NA;0;NA;NA;NA;NA;NA;14;11;74;7.6
19/10/16;2016-W42;Veneto;1;15;NA;NA;0;NA;NA;NA;NA;NA;17;12;80;0.6
26/10/16;2016-W43;Veneto;0;15;NA;NA;0;NA;NA;NA;NA;NA;17;13;85;9.5
31/10/16;2016-W44;Veneto;1;16;NA;NA;0;NA;NA;NA;NA;NA;17;9;73;0.0
02/08/17;2017-W31;Emilia-Romagna;1;1;NA;NA;0;NA;NA;NA;6;6;39;26;39;0.0
10/08/17;2017-W32;Emilia-Romagna;1;2;NA;NA;0;NA;NA;NA;2;8;33;22;55;5.4
30/08/17;2017-W35;Emilia-Romagna;11;13;NA;NA;0;NA;NA;NA;4;12;34;22;41;0.1
06/09/17;2017-W36;Emilia-Romagna;1;14;NA;NA;0;NA;NA;NA;10;22;29;19;59;0.2
13/09/17;2017-W37;Emilia-Romagna;0;14;NA;NA;0;NA;NA;NA;2;24;25;15;66;0.0
20/09/17;2017-W38;Emilia-Romagna;2;16;NA;NA;0;NA;NA;NA;0;24;22;12;49;0.0
27/09/17;2017-W39;Emilia-Romagna;1;17;NA;NA;0;NA;NA;NA;0;24;23;14;65;0.0
04/10/17;2017-W40;Emilia-Romagna;0;17;NA;NA;0;NA;NA;NA;9;33;23;15;71;0.0
11/10/17;2017-W41;Emilia-Romagna;0;17;NA;NA;0;NA;NA;NA;5;38;23;15;66;0.0
18/10/17;2017-W42;Emilia-Romagna;0;17;NA;NA;0;NA;NA;NA;0;38;23;14;55;0.0
25/10/17;2017-W43;Emilia-Romagna;0;17;NA;NA;0;NA;NA;NA;1;39;20;12;45;0.0
02/11/17;2017-W44;Emilia-Romagna;0;17;NA;NA;0;NA;NA;NA;1;40;17;10;65;0.0
08/11/17;2017-W45;Emilia-Romagna;0;17;NA;NA;0;NA;NA;NA;0;40;14;9;78;0.2
02/08/17;2017-W31;Lombardia;1;1;NA;NA;0;NA;NA;NA;NA;NA;27;14;77;9.1
30/08/17;2017-W35;Lombardia;5;6;NA;NA;0;NA;NA;NA;NA;NA;19;14;91;30.6
06/09/17;2017-W36;Lombardia;1;7;NA;NA;0;NA;NA;NA;1;1;22;13;79;0.6
13/09/17;2017-W37;Lombardia;1;8;NA;NA;0;NA;NA;NA;NA;1;29;14;60;0.2
20/09/17;2017-W38;Lombardia;4;12;NA;NA;0;NA;NA;NA;0;1;31;15;76;3.1
27/09/17;2017-W39;Lombardia;2;14;NA;NA;0;NA;NA;NA;0;1;24;15;78;6.2
04/10/17;2017-W40;Lombardia;0;14;NA;NA;0;NA;NA;NA;0;1;26;15;81;7.4
11/10/17;2017-W41;Lombardia;0;14;NA;NA;0;NA;NA;NA;1;2;27;14;78;11.2
18/10/17;2017-W42;Lombardia;0;14;NA;NA;0;NA;NA;NA;1;3;27;14;66;10.9
25/10/17;2017-W43;Lombardia;0;14;NA;NA;0;NA;NA;NA;0;3;26;13;58;0.0
02/11/17;2017-W44;Lombardia;0;14;NA;NA;0;NA;NA;NA;0;3;29;15;71;2.5
08/11/17;2017-W45;Lombardia;0;14;NA;NA;0;NA;NA;NA;0;3;29;16;49;0.0
27/09/17;2017-W39;Piemonte;NA;NA;NA;NA;1;1;0;0;NA;0;21;9;76;0.9
04/10/17;2017-W40;Piemonte;NA;NA;NA;NA;0;1;0;0;2;2;23;11;71;0.0
11/10/17;2017-W41;Piemonte;NA;NA;NA;NA;1;2;1;1;0;2;20;9;62;0.0
18/10/17;2017-W42;Piemonte;NA;NA;NA;NA;0;2;0;1;0;2;21;10;50;0.0
25/10/17;2017-W43;Piemonte;NA;NA;NA;NA;0;2;0;1;0;2;16;6;62;0.0
02/11/17;2017-W44;Piemonte;2;2;NA;NA;0;2;0;1;0;2;14;6;67;0.0
08/11/17;2017-W45;Piemonte;0;2;NA;NA;0;2;0;1;0;2;11;4;77;0.1
02/08/17;2017-W31;Sardegna;1;1;NA;NA;NA;NA;NA;NA;NA;NA;41;25;25;0.0
10/08/17;2017-W32;Sardegna;0;1;NA;NA;NA;NA;NA;NA;NA;NA;29;20;57;1.4
30/08/17;2017-W35;Sardegna;1;2;NA;NA;1;1;0;0;NA;0;34;24;37;0.0
06/09/17;2017-W36;Sardegna;0;2;NA;NA;0;1;0;0;NA;0;28;19;70;0.0
13/09/17;2017-W37;Sardegna;0;2;NA;NA;0;1;0;0;NA;0;24;18;63;0.0
20/09/17;2017-W38;Sardegna;2;4;NA;NA;0;1;0;0;NA;0;21;16;59;0.0
27/09/17;2017-W39;Sardegna;0;4;NA;NA;0;1;0;0;NA;0;26;16;64;0.0
04/10/17;2017-W40;Sardegna;0;4;NA;NA;0;1;0;0;2;2;26;17;66;0.0
11/10/17;2017-W41;Sardegna;0;4;NA;NA;0;1;0;0;0;2;23;15;72;0.0
18/10/17;2017-W42;Sardegna;0;4;NA;NA;0;1;0;0;3;5;26;15;48;0.0
25/10/17;2017-W43;Sardegna;0;4;NA;NA;0;1;0;0;0;5;25;12;39;0.0
02/11/17;2017-W44;Sardegna;0;4;NA;NA;0;1;0;0;0;5;22;12;66;0.0
08/11/17;2017-W45;Sardegna;0;4;NA;NA;0;1;0;0;0;5;16;11;71;4.7
06/09/17;2017-W36;Toscana;1;1;NA;NA;NA;NA;NA;NA;NA;NA;26;18;67;0.1
13/09/17;2017-W37;Toscana;1;2;NA;NA;2;2;1;1;NA;NA;25;16;63;0.0
20/09/17;2017-W38;Toscana;0;2;NA;NA;1;3;0;1;NA;NA;22;13;55;0.0
27/09/17;2017-W39;Toscana;0;2;NA;NA;0;3;0;1;NA;NA;24;14;68;0.0
04/10/17;2017-W40;Toscana;0;2;NA;NA;6;9;0;1;NA;NA;24;16;74;0.1
11/10/17;2017-W41;Toscana;0;2;NA;NA;6;15;0;1;NA;NA;23;14;71;0.0
18/10/17;2017-W42;Toscana;0;2;NA;NA;4;19;0;1;NA;NA;22;13;69;0.0
25/10/17;2017-W43;Toscana;0;2;NA;NA;0;19;0;1;NA;NA;22;12;46;0.0
02/11/17;2017-W44;Toscana;0;2;NA;NA;0;19;0;1;NA;NA;18;11;73;0.0
08/11/17;2017-W45;Toscana;0;2;NA;NA;0;19;0;1;NA;NA;16;8;71;0.0
02/08/17;2017-W31;Veneto;1;1;NA;NA;1;1;0;0;NA;0;37;24;58;0.0
10/08/17;2017-W32;Veneto;0;0;NA;NA;1;2;0;0;NA;0;31;21;71;19.4
30/08/17;2017-W35;Veneto;4;5;NA;NA;21;23;0;0;NA;0;30;20;59;0.0
06/09/17;2017-W36;Veneto;2;7;NA;NA;4;27;0;0;NA;0;26;18;75;0.5
13/09/17;2017-W37;Veneto;2;9;NA;NA;13;40;0;0;1;1;22;13;69;0.0
20/09/17;2017-W38;Veneto;2;11;NA;NA;8;48;0;0;0;1;21;11;67;1.5
27/09/17;2017-W39;Veneto;0;11;NA;NA;0;48;0;0;0;1;23;15;65;0.1
04/10/17;2017-W40;Veneto;4;15;NA;NA;0;48;0;0;0;1;21;13;73;0.0
11/10/17;2017-W41;Veneto;1;16;NA;NA;5;53;0;0;1;2;20;13;76;0.0
18/10/17;2017-W42;Veneto;0;16;NA;NA;1;54;0;0;0;2;23;14;65;0.0
25/10/17;2017-W43;Veneto;0;16;NA;NA;0;54;0;0;0;2;19;11;59;0.0
02/11/17;2017-W44;Veneto;0;16;NA;NA;6;60;0;0;0;2;15;9;80;0.0
08/11/17;2017-W45;Veneto;0;16;NA;NA;1;61;0;0;0;2;15;8;70;0.6
30/08/17;2017-W35;Lazio;0;0;NA;NA;1;1;0;0;0;0;33;19;42;0.0
06/09/17;2017-W36;Lazio;0;0;NA;NA;2;3;0;0;0;0;28;14;59;0.0
13/09/17;2017-W37;Lazio;0;0;NA;NA;0;3;0;0;0;0;25;14;67;0.0
20/09/17;2017-W38;Lazio;0;0;NA;NA;0;3;0;0;0;0;20;10;64;1.8
27/09/17;2017-W39;Lazio;0;0;NA;NA;0;3;0;0;0;0;25;13;65;1.0
04/10/17;2017-W40;Lazio;0;0;NA;NA;0;3;0;0;0;0;26;14;63;0.0
11/10/17;2017-W41;Lazio;0;0;NA;NA;0;3;0;0;0;0;24;10;64;0.0
18/10/17;2017-W42;Lazio;0;0;NA;NA;0;3;0;0;0;0;25;11;53;0.0
25/10/17;2017-W43;Lazio;0;0;NA;NA;0;3;0;0;0;0;23;7;56;0.0
02/11/17;2017-W44;Lazio;0;0;NA;NA;0;3;0;0;0;0;19;7;63;0.0
08/11/17;2017-W45;Lazio;0;0;NA;NA;0;3;0;0;0;0;16;6;72;0.1
04/07/18;2018-W27;Emilia-Romagna;NA;NA;NA;NA;NA;NA;NA;NA;8;8;31;21;69;10.8
11/07/18;2018-W28;Emilia-Romagna;3;3;0;0;NA;NA;NA;NA;0;8;25;19;79;6.9
18/07/18;2018-W29;Emilia-Romagna;6;9;0;0;NA;NA;NA;NA;1;9;32;22;51;0.0
25/07/18;2018-W30;Emilia-Romagna;-2;7;0;0;NA;NA;NA;NA;27;36;34;22;52;1.6
01/08/18;2018-W31;Emilia-Romagna;20;27;1;1;NA;NA;NA;NA;6;42;37;26;55;6.1
08/08/18;2018-W32;Emilia-Romagna;35;62;0;1;NA;NA;NA;NA;4;46;34;24;60;7.9
22/08/18;2018-W34;Emilia-Romagna;56;118;6;7;3;3;0;0;26;72;34;23;45;0.1
29/08/18;2018-W35;Emilia-Romagna;29;147;1;8;12;15;1;1;9;81;31;21;43;0.0
05/09/18;2018-W36;Emilia-Romagna;19;166;4;12;0;15;0;1;17;98;29;20;60;0.0
19/09/18;2018-W38;Emilia-Romagna;22;188;6;18;22;37;2;3;50;148;29;20;69;2.0
26/09/18;2018-W39;Emilia-Romagna;2;190;0;18;0;37;0;3;5;153;20;12;46;0.0
03/10/18;2018-W40;Emilia-Romagna;3;193;1;19;0;37;1;4;1;154;22;13;51;0.0
10/10/18;2018-W41;Emilia-Romagna;1;194;2;21;0;37;0;4;3;157;24;16;69;2.3
17/10/18;2018-W42;Emilia-Romagna;2;196;0;21;0;37;0;4;3;160;20;16;75;0.6
24/10/18;2018-W43;Emilia-Romagna;0;196;0;21;1;38;0;4;10;170;26;14;41;0.0
07/11/18;2018-W45;Emilia-Romagna;0;196;0;21;0;38;0;4;0;170;17;13;83;2.9
14/11/18;2018-W46;Emilia-Romagna;0;196;0;21;0;38;0;4;4;174;17;12;83;0.0
08/08/18;2018-W32;Friuli-Venezia Giulia;1;1;0;0;1;1;0;0;NA;NA;31;24;63;0.0
22/08/18;2018-W34;Friuli-Venezia Giulia;1;2;0;0;0;1;0;0;NA;NA;33;24;50;0.0
29/08/18;2018-W35;Friuli-Venezia Giulia;2;4;0;0;0;1;0;0;NA;NA;29;20;53;0.0
05/09/18;2018-W36;Friuli-Venezia Giulia;1;5;0;0;0;1;0;0;NA;NA;27;18;66;0.0
19/09/18;2018-W38;Friuli-Venezia Giulia;6;11;2;2;0;1;0;0;NA;NA;27;20;65;0.0
26/09/18;2018-W39;Friuli-Venezia Giulia;3;14;0;2;1;2;0;0;NA;NA;19;9;51;0.0
03/10/18;2018-W40;Friuli-Venezia Giulia;0;14;0;2;0;2;0;0;NA;NA;23;11;52;0.0
10/10/18;2018-W41;Friuli-Venezia Giulia;6;20;1;3;2;4;0;0;NA;NA;25;16;66;0.0
17/10/18;2018-W42;Friuli-Venezia Giulia;1;21;0;3;1;5;0;0;NA;NA;22;16;67;0.4
24/10/18;2018-W43;Friuli-Venezia Giulia;0;21;0;3;0;5;0;0;NA;NA;21;13;61;0.0
07/11/18;2018-W45;Friuli-Venezia Giulia;1;22;1;4;0;5;0;0;NA;NA;18;14;81;2.6
14/11/18;2018-W46;Friuli-Venezia Giulia;0;22;0;4;0;5;0;0;NA;NA;18;12;73;0.0
01/08/18;2018-W31;Lombardia;NA;NA;NA;NA;NA;NA;NA;NA;2;2;28;16;71;3.0
08/08/18;2018-W32;Lombardia;2;2;0;0;NA;NA;NA;NA;3;5;25;14;75;14.0
22/08/18;2018-W34;Lombardia;5;7;0;0;1;1;0;0;1;6;27;14;70;6.4
29/08/18;2018-W35;Lombardia;9;16;1;1;0;1;0;0;0;6;27;14;74;8.1
05/09/18;2018-W36;Lombardia;3;19;0;1;1;2;0;0;1;7;28;16;75;5.8
19/09/18;2018-W38;Lombardia;11;30;0;1;1;3;0;0;3;10;28;15;73;10.3
26/09/18;2018-W39;Lombardia;0;30;0;1;0;3;0;0;0;10;26;14;80;11.1
03/10/18;2018-W40;Lombardia;2;32;0;1;4;7;0;0;1;11;25;14;76;7.8
10/10/18;2018-W41;Lombardia;1;33;0;1;1;8;0;0;3;14;26;13;76;0.0
17/10/18;2018-W42;Lombardia;0;33;0;1;1;9;0;0;0;14;27;14;74;2.9
24/10/18;2018-W43;Lombardia;0;33;0;1;0;9;0;0;4;18;24;14;76;0.0
07/11/18;2018-W45;Lombardia;1;34;0;1;2;11;0;0;1;19;28;15;70;0.1
14/11/18;2018-W46;Lombardia;0;34;0;1;0;11;0;0;2;21;23;12;67;0.6
19/09/18;2018-W38;Molise;1;1;0;0;NA;NA;NA;NA;NA;NA;24;18;79;40.7
26/09/18;2018-W39;Molise;0;1;0;0;NA;NA;NA;NA;NA;NA;14;8;65;0.0
03/10/18;2018-W40;Molise;0;1;0;0;NA;NA;NA;NA;NA;NA;16;12;85;0.5
10/10/18;2018-W41;Molise;0;1;0;0;NA;NA;NA;NA;NA;NA;21;13;78;0.3
17/10/18;2018-W42;Molise;0;1;0;0;NA;NA;NA;NA;NA;NA;20;13;86;1.5
24/10/18;2018-W43;Molise;0;1;0;0;NA;NA;NA;NA;NA;NA;21;9;56;0.0
07/11/18;2018-W45;Molise;0;1;0;0;NA;NA;NA;NA;NA;NA;15;10;86;1.3
14/11/18;2018-W46;Molise;0;1;0;0;NA;NA;NA;NA;NA;NA;16;8;77;0.0
08/08/18;2018-W32;Piemonte;2;2;0;0;NA;NA;NA;NA;5;5;34;18;69;16.1
22/08/18;2018-W34;Piemonte;6;8;0;0;1;1;0;0;0;5;32;17;51;0.0
29/08/18;2018-W35;Piemonte;9;17;0;0;3;4;1;1;0;5;31;14;50;0.0
05/09/18;2018-W36;Piemonte;3;20;0;0;0;4;0;1;0;5;27;13;64;0.0
19/09/18;2018-W38;Piemonte;9;29;2;2;-3;1;1;2;5;10;25;15;74;8.3
26/09/18;2018-W39;Piemonte;8;37;0;2;5;6;0;2;3;13;18;5;55;0.0
03/10/18;2018-W40;Piemonte;4;41;0;2;9;15;0;2;3;16;20;9;71;0.0
10/10/18;2018-W41;Piemonte;4;45;0;2;0;15;1;3;-1;15;22;11;71;3.3
17/10/18;2018-W42;Piemonte;2;47;1;3;1;16;0;3;0;15;21;12;82;2.6
24/10/18;2018-W43;Piemonte;0;47;0;3;6;22;0;3;0;15;19;7;54;0.0
07/11/18;2018-W45;Piemonte;6;53;0;3;6;28;0;3;0;15;15;7;79;1.7
14/11/18;2018-W46;Piemonte;0;53;0;3;1;29;0;3;0;15;16;7;69;0.0
22/08/18;2018-W34;Sardegna;2;2;0;0;NA;NA;NA;NA;NA;NA;31;21;58;1.7
29/08/18;2018-W35;Sardegna;0;2;0;0;NA;NA;NA;NA;NA;NA;30;19;61;0.0
05/09/18;2018-W36;Sardegna;0;2;0;0;NA;NA;NA;NA;6;6;32;21;60;0.0
19/09/18;2018-W38;Sardegna;1;3;0;0;1;1;0;0;11;17;28;21;70;2.8
26/09/18;2018-W39;Sardegna;0;3;0;0;1;2;0;0;0;17;26;17;47;0.0
03/10/18;2018-W40;Sardegna;1;4;0;0;0;2;0;0;1;18;25;15;65;0.9
10/10/18;2018-W41;Sardegna;0;4;0;0;1;3;1;1;8;26;22;20;70;11.9
17/10/18;2018-W42;Sardegna;0;4;0;0;1;4;0;1;13;39;25;18;69;3.6
24/10/18;2018-W43;Sardegna;0;4;0;0;1;5;1;2;28;67;22;14;70;0.0
07/11/18;2018-W45;Sardegna;0;4;0;0;0;5;0;2;0;67;18;13;78;1.7
14/11/18;2018-W46;Sardegna;0;4;0;0;0;5;0;2;9;76;22;14;79;0.0
27/06/18;2018-W26;Veneto;1;1;0;0;NA;NA;NA;NA;NA;NA;26;16;63;2.3
04/07/18;2018-W27;Veneto;0;1;0;0;NA;NA;NA;NA;NA;NA;30;20;72;8.8
11/07/18;2018-W28;Veneto;0;1;0;0;NA;NA;NA;NA;NA;NA;26;19;74;4.7
18/07/18;2018-W29;Veneto;3;4;0;0;1;1;0;0;NA;NA;31;20;56;0.0
25/07/18;2018-W30;Veneto;4;8;0;0;0;1;0;0;NA;NA;33;21;59;0.0
01/08/18;2018-W31;Veneto;17;25;1;1;0;1;0;0;NA;NA;35;23;60;8.9
08/08/18;2018-W32;Veneto;33;58;0;1;15;16;0;0;NA;NA;32;23;70;7.3
22/08/18;2018-W34;Veneto;60;118;2;3;32;48;0;0;NA;NA;33;21;51;1.8
29/08/18;2018-W35;Veneto;30;148;0;3;0;48;0;0;NA;NA;30;19;52;0.0
05/09/18;2018-W36;Veneto;5;153;3;6;25;73;0;0;NA;NA;28;18;67;0.6
19/09/18;2018-W38;Veneto;45;198;3;9;14;87;0;0;NA;NA;29;19;68;0.5
26/09/18;2018-W39;Veneto;31;229;1;10;3;90;0;0;NA;NA;19;11;49;0.0
03/10/18;2018-W40;Veneto;0;229;1;11;6;96;0;0;NA;NA;24;11;52;0.0
10/10/18;2018-W41;Veneto;18;247;1;12;0;96;0;0;NA;NA;24;16;62;0.0
17/10/18;2018-W42;Veneto;10;257;0;12;0;96;0;0;NA;NA;22;17;64;0.5
24/10/18;2018-W43;Veneto;2;259;1;13;5;101;0;0;8;8;21;12;58;0.0
07/11/18;2018-W45;Veneto;8;267;0;13;0;101;0;0;0;8;18;13;83;1.4
14/11/18;2018-W46;Veneto;0;267;0;13;3;104;0;0;1;9;18;12;75;0.0
26/09/18;2018-W39;Basilicata;NA;NA;NA;NA;1;1;0;0;NA;NA;14;8;59;0.0
03/10/18;2018-W40;Basilicata;NA;NA;NA;NA;0;1;0;0;NA;NA;17;13;87;15.1
10/10/18;2018-W41;Basilicata;NA;NA;NA;NA;0;1;0;0;NA;NA;22;13;75;2.3
17/10/18;2018-W42;Basilicata;NA;NA;NA;NA;0;1;0;0;NA;NA;20;13;84;2.7
24/10/18;2018-W43;Basilicata;NA;NA;NA;NA;0;1;0;0;NA;NA;21;8;66;0.0
07/11/18;2018-W45;Basilicata;NA;NA;NA;NA;0;1;0;0;NA;NA;14;9;78;2.9
14/11/18;2018-W46;Basilicata;NA;NA;NA;NA;0;1;0;0;NA;NA;16;8;69;0.0
19/09/18;2018-W38;Lazio;NA;NA;NA;NA;1;1;0;0;NA;NA;27;17;73;8.7
26/09/18;2018-W39;Lazio;NA;NA;NA;NA;0;1;0;0;NA;NA;24;9;46;0.0
03/10/18;2018-W40;Lazio;NA;NA;NA;NA;1;2;0;0;NA;NA;26;12;58;0.0
10/10/18;2018-W41;Lazio;NA;NA;NA;NA;1;3;0;0;NA;NA;25;13;65;0.3
17/10/18;2018-W42;Lazio;NA;NA;NA;NA;0;3;0;0;NA;NA;25;16;69;0.3
24/10/18;2018-W43;Lazio;NA;NA;NA;NA;1;4;0;0;NA;NA;24;10;44;0.0
07/11/18;2018-W45;Lazio;NA;NA;NA;NA;4;8;0;0;NA;NA;17;10;81;1.7
14/11/18;2018-W46;Lazio;NA;NA;NA;NA;0;8;0;0;NA;NA;22;9;64;0.0
17/10/18;2018-W42;Puglia;NA;NA;NA;NA;3;3;0;0;NA;NA;27;19;64;1.5
24/10/18;2018-W43;Puglia;NA;NA;NA;NA;0;3;0;0;NA;NA;23;13;52;0.0
07/11/18;2018-W45;Puglia;NA;NA;NA;NA;0;3;0;0;NA;NA;19;16;72;4.7
14/11/18;2018-W46;Puglia;NA;NA;NA;NA;0;3;0;0;NA;NA;22;14;57;0.0
31/07/19;2019-W31;Emilia-Romagna;1;1;NA;NA;1;1;0;0;NA;NA;32;23;59;0.0
07/08/19;2019-W32;Emilia-Romagna;0;1;NA;NA;0;1;0;0;NA;NA;33;22;63;0.3
21/08/19;2019-W34;Emilia-Romagna;2;3;NA;NA;0;1;0;0;9;9;33;22;57;2.4
28/08/19;2019-W35;Emilia-Romagna;1;4;NA;NA;0;1;0;0;1;10;31;22;60;5.9
04/09/19;2019-W36;Emilia-Romagna;0;4;NA;NA;0;1;0;0;4;14;29;18;57;0.0
11/09/19;2019-W37;Emilia-Romagna;0;4;NA;NA;0;1;0;0;3;17;28;16;69;0.4
18/09/19;2019-W38;Emilia-Romagna;1;5;NA;NA;0;1;0;0;3;20;26;18;73;13.5
25/09/19;2019-W39;Emilia-Romagna;0;5;NA;NA;0;1;0;0;2;22;22;16;76;5.1
02/10/19;2019-W40;Emilia-Romagna;0;5;NA;NA;0;1;0;0;2;24;25;17;69;5.5
09/10/19;2019-W41;Emilia-Romagna;0;5;NA;NA;0;1;0;0;1;25;21;13;68;0.1
16/10/19;2019-W42;Emilia-Romagna;0;5;NA;NA;0;1;0;0;0;25;22;14;69;0.6
23/10/19;2019-W43;Emilia-Romagna;0;5;NA;NA;0;1;0;0;0;25;23;16;81;0.0
30/10/19;2019-W44;Emilia-Romagna;0;5;NA;NA;0;1;0;0;1;26;13;12;85;2.4
06/11/19;2019-W45;Emilia-Romagna;0;5;NA;NA;0;1;0;0;0;26;14;9;76;5.2
17/11/19;2019-W46;Emilia-Romagna;0;5;NA;NA;0;1;0;0;0;26;12;7;87;81.5
25/11/19;2019-W48;Emilia-Romagna;0;5;NA;NA;0;1;0;0;2;28;16;13;86;4.3
18/09/19;2019-W38;Friuli-Venezia Giulia;1;1;NA;NA;NA;NA;NA;NA;NA;NA;20;15;76;12.6
25/09/19;2019-W39;Friuli-Venezia Giulia;0;1;NA;NA;NA;NA;NA;NA;NA;NA;21;16;83;14.7
02/10/19;2019-W40;Friuli-Venezia Giulia;0;1;NA;NA;NA;NA;NA;NA;NA;NA;21;14;86;32.9
09/10/19;2019-W41;Friuli-Venezia Giulia;0;1;NA;NA;NA;NA;NA;NA;NA;NA;18;13;79;4.0
16/10/19;2019-W42;Friuli-Venezia Giulia;0;1;NA;NA;NA;NA;NA;NA;NA;NA;20;16;81;7.4
23/10/19;2019-W43;Friuli-Venezia Giulia;0;1;NA;NA;NA;NA;NA;NA;NA;NA;23;17;75;0.0
30/10/19;2019-W44;Friuli-Venezia Giulia;0;1;NA;NA;NA;NA;NA;NA;NA;NA;12;10;71;0.6
06/11/19;2019-W45;Friuli-Venezia Giulia;0;1;NA;NA;NA;NA;NA;NA;NA;NA;16;11;80;23.9
17/11/19;2019-W46;Friuli-Venezia Giulia;0;1;NA;NA;NA;NA;NA;NA;NA;NA;15;12;81;33.1
25/11/19;2019-W48;Friuli-Venezia Giulia;1;2;NA;NA;NA;NA;NA;NA;NA;NA;16;11;75;0.0
21/08/19;2019-W34;Lombardia;NA;NA;NA;NA;NA;NA;NA;NA;1;1;24;15;89;23.0
28/08/19;2019-W35;Lombardia;NA;NA;NA;NA;NA;NA;NA;NA;0;1;24;14;85;23.6
11/09/19;2019-W37;Lombardia;NA;NA;NA;NA;1;1;1;1;0;1;23;14;88;27.4
18/09/19;2019-W38;Lombardia;NA;NA;NA;NA;0;1;0;1;0;1;17;14;98;51.7
25/09/19;2019-W39;Lombardia;NA;NA;NA;NA;0;1;0;1;3;4;23;16;90;12.4
02/10/19;2019-W40;Lombardia;1;1;NA;NA;0;1;0;1;0;4;24;13;79;17.0
09/10/19;2019-W41;Lombardia;0;1;NA;NA;1;2;1;2;4;8;25;15;81;7.0
16/10/19;2019-W42;Lombardia;0;1;NA;NA;0;2;0;2;0;8;24;16;84;6.2
23/10/19;2019-W43;Lombardia;3;4;NA;NA;0;2;0;2;0;8;23;15;85;13.5
30/10/19;2019-W44;Lombardia;1;5;NA;NA;0;2;0;2;0;8;24;15;85;7.1
06/11/19;2019-W45;Lombardia;0;5;NA;NA;0;2;0;2;0;8;25;15;83;8.6
17/11/19;2019-W46;Lombardia;0;5;NA;NA;0;2;0;2;0;8;22;14;74;1.2
25/11/19;2019-W48;Lombardia;0;5;NA;NA;0;2;0;2;0;8;22;15;86;4.2
25/09/19;2019-W39;Marche;1;1;NA;NA;NA;NA;NA;NA;NA;NA;31;21;47;0.0
02/10/19;2019-W40;Marche;0;1;NA;NA;NA;NA;NA;NA;NA;NA;29;16;49;0.0
09/10/19;2019-W41;Marche;0;1;NA;NA;NA;NA;NA;NA;NA;NA;34;21;49;0.0
16/10/19;2019-W42;Marche;0;1;NA;NA;NA;NA;NA;NA;NA;NA;25;13;35;0.0
23/10/19;2019-W43;Marche;0;1;NA;NA;NA;NA;NA;NA;NA;NA;19;11;58;0.3
30/10/19;2019-W44;Marche;0;1;NA;NA;NA;NA;NA;NA;NA;NA;25;16;67;0.0
06/11/19;2019-W45;Marche;0;1;NA;NA;NA;NA;NA;NA;NA;NA;19;10;66;0.0
17/11/19;2019-W46;Marche;0;1;NA;NA;NA;NA;NA;NA;NA;NA;14;6;76;3.5
25/11/19;2019-W48;Marche;0;1;NA;NA;NA;NA;NA;NA;NA;NA;17;11;84;0.1
21/08/19;2019-W34;Piemonte;2;2;NA;NA;1;1;0;0;1;1;34;18;45;0.0
28/08/19;2019-W35;Piemonte;0;2;NA;NA;1;2;1;1;0;1;28;17;69;5.8
04/09/19;2019-W36;Piemonte;2;4;NA;NA;0;2;0;1;4;5;25;12;69;0.0
11/09/19;2019-W37;Piemonte;0;4;NA;NA;0;2;0;1;0;5;26;12;63;0.0
18/09/19;2019-W38;Piemonte;2;6;NA;NA;0;2;0;1;19;24;28;14;70;1.7
25/09/19;2019-W39;Piemonte;3;9;NA;NA;0;2;0;1;1;25;22;12;80;0.7
02/10/19;2019-W40;Piemonte;1;10;NA;NA;0;2;0;1;0;25;21;12;84;20.5
09/10/19;2019-W41;Piemonte;0;10;NA;NA;0;2;0;1;3;28;19;9;65;0.0
16/10/19;2019-W42;Piemonte;0;10;NA;NA;0;2;0;1;2;30;17;10;79;1.5
23/10/19;2019-W43;Piemonte;0;10;NA;NA;0;2;0;1;1;31;22;13;61;0.0
30/10/19;2019-W44;Piemonte;0;10;NA;NA;0;2;0;1;6;37;15;9;84;3.4
06/11/19;2019-W45;Piemonte;0;10;NA;NA;0;2;0;1;0;37;13;6;89;15.8
17/11/19;2019-W46;Piemonte;0;10;NA;NA;0;2;0;1;0;37;11;4;92;44.5
25/11/19;2019-W48;Piemonte;0;10;NA;NA;0;2;0;1;4;41;13;7;86;6.0
21/08/19;2019-W34;Veneto;9;9;NA;NA;NA;NA;NA;NA;1;1;30;20;72;7.8
28/08/19;2019-W35;Veneto;0;9;NA;NA;NA;NA;NA;NA;0;1;31;21;66;0.2
04/09/19;2019-W36;Veneto;2;11;NA;NA;NA;NA;NA;NA;1;2;29;17;63;0.0
11/09/19;2019-W37;Veneto;7;18;NA;NA;NA;NA;NA;NA;3;5;28;17;62;0.0
18/09/19;2019-W38;Veneto;0;18;NA;NA;NA;NA;NA;NA;1;6;23;17;79;11.4
25/09/19;2019-W39;Veneto;3;21;NA;NA;2;2;2;2;0;6;20;15;85;3.8
02/10/19;2019-W40;Veneto;3;24;NA;NA;1;3;-1;1;1;7;20;14;83;15.4
09/10/19;2019-W41;Veneto;2;26;NA;NA;0;3;0;1;0;7;19;13;80;0.9
16/10/19;2019-W42;Veneto;0;26;NA;NA;0;3;0;1;1;8;21;16;81;23.4
23/10/19;2019-W43;Veneto;1;27;NA;NA;0;3;0;1;0;8;26;16;75;0.0
30/10/19;2019-W44;Veneto;1;28;NA;NA;0;3;0;1;0;8;13;11;73;0.5
06/11/19;2019-W45;Veneto;5;33;NA;NA;0;3;0;1;0;8;14;10;80;1.3
17/11/19;2019-W46;Veneto;0;33;NA;NA;0;3;0;1;0;8;14;10;87;32.9
25/11/19;2019-W48;Veneto;0;33;NA;NA;0;3;0;1;0;8;17;12;79;0.0
11/09/19;2019-W37;Sardegna;NA;NA;NA;NA;NA;NA;NA;NA;1;1;29;18;67;0.8
18/09/19;2019-W38;Sardegna;NA;NA;NA;NA;NA;NA;NA;NA;0;1;30;20;66;0.2
25/09/19;2019-W39;Sardegna;NA;NA;NA;NA;NA;NA;NA;NA;0;1;27;18;76;0.0
02/10/19;2019-W40;Sardegna;NA;NA;NA;NA;NA;NA;NA;NA;2;3;25;19;68;0.4
09/10/19;2019-W41;Sardegna;NA;NA;NA;NA;NA;NA;NA;NA;0;3;24;15;65;0.0
16/10/19;2019-W42;Sardegna;NA;NA;NA;NA;NA;NA;NA;NA;0;3;22;15;64;0.0
23/10/19;2019-W43;Sardegna;NA;NA;NA;NA;NA;NA;NA;NA;4;7;25;20;64;3.8
30/10/19;2019-W44;Sardegna;NA;NA;NA;NA;NA;NA;NA;NA;0;7;22;15;80;0.0
06/11/19;2019-W45;Sardegna;NA;NA;NA;NA;NA;NA;NA;NA;0;7;18;14;72;3.4
17/11/19;2019-W46;Sardegna;NA;NA;NA;NA;NA;NA;NA;NA;0;7;14;8;81;26.6
24/11/19;2019-W47;Sardegna;NA;NA;NA;NA;NA;NA;NA;NA;1;8;15;13;87;13.9
12/08/20;2020-W33;Emilia-Romagna;1;1;0;0;NA;NA;NA;NA;2;2;37;24;45;0.4
19/08/20;2020-W34;Emilia-Romagna;2;3;0;0;NA;NA;NA;NA;7;9;32;22;62;3.6
26/08/20;2020-W35;Emilia-Romagna;0;3;0;0;1;1;1;1;3;12;32;22;56;0.0
02/09/20;2020-W36;Emilia-Romagna;2;5;0;0;0;1;0;1;9;21;28;17;62;0.7
09/09/20;2020-W37;Emilia-Romagna;1;6;0;0;0;1;0;1;2;23;30;20;53;0.0
16/09/20;2020-W38;Emilia-Romagna;1;7;0;0;0;1;0;1;2;25;32;21;48;0.0
23/09/20;2020-W39;Emilia-Romagna;0;7;0;0;1;2;0;1;3;28;26;20;66;3.6
30/09/20;2020-W40;Emilia-Romagna;1;8;0;0;0;2;0;1;4;32;23;15;59;0.0
07/10/20;2020-W41;Emilia-Romagna;0;8;1;1;1;3;0;1;5;37;21;14;64;0.3
14/10/20;2020-W42;Emilia-Romagna;0;8;0;1;0;3;0;1;0;37;14;10;74;1.4
21/10/20;2020-W43;Emilia-Romagna;0;8;0;1;0;3;0;1;1;38;20;13;65;0.0
28/10/20;2020-W44;Emilia-Romagna;0;8;0;1;0;3;0;1;2;40;17;10;69;0.0
04/11/20;2020-W45;Emilia-Romagna;0;8;0;1;0;3;0;1;0;40;19;14;77;0.0
12/08/20;2020-W33;Lombardia;NA;NA;NA;NA;1;1;0;0;4;4;22;15;85;14.2
19/08/20;2020-W34;Lombardia;14;14;0;0;0;1;0;0;0;4;22;14;87;20.8
26/08/20;2020-W35;Lombardia;3;17;0;0;1;2;0;0;9;13;19;15;96;39.7
02/09/20;2020-W36;Lombardia;5;22;0;0;0;2;0;0;1;14;22;14;86;11.2
09/09/20;2020-W37;Lombardia;2;24;0;0;0;2;0;0;1;15;22;15;87;6.5
16/09/20;2020-W38;Lombardia;4;28;2;2;1;3;0;0;7;22;20;16;95;38.0
23/09/20;2020-W39;Lombardia;1;29;0;2;3;6;0;0;1;23;23;16;86;20.0
30/09/20;2020-W40;Lombardia;6;35;0;2;2;8;1;1;3;26;23;13;82;11.2
07/10/20;2020-W41;Lombardia;2;37;0;2;0;8;0;1;5;31;22;13;53;0.0
14/10/20;2020-W42;Lombardia;8;45;1;3;0;8;0;1;0;31;24;14;83;9.1
21/10/20;2020-W43;Lombardia;2;47;0;3;0;8;0;1;0;31;24;14;70;0.5
28/10/20;2020-W44;Lombardia;0;47;0;3;0;8;0;1;7;38;22;15;83;2.8
04/11/20;2020-W45;Lombardia;0;47;0;3;0;8;0;1;8;46;24;14;65;0.0
29/07/20;2020-W31;Piemonte;NA;NA;NA;NA;NA;NA;NA;NA;1;1;35;20;45;0.0
05/08/20;2020-W32;Piemonte;NA;NA;NA;NA;NA;NA;NA;NA;0;1;25;13;69;0.7
12/08/20;2020-W33;Piemonte;1;1;0;0;NA;NA;NA;NA;1;2;34;19;41;0.0
19/08/20;2020-W34;Piemonte;1;2;0;0;NA;NA;NA;NA;6;8;30;16;55;0.0
26/08/20;2020-W35;Piemonte;0;2;0;0;1;1;0;0;1;9;30;17;55;0.0
02/09/20;2020-W36;Piemonte;0;2;0;0;0;1;0;0;0;9;24;13;63;0.0
09/09/20;2020-W37;Piemonte;0;2;0;0;0;1;0;0;1;10;30;16;58;0.1
16/09/20;2020-W38;Piemonte;5;7;1;1;0;1;0;0;7;17;28;16;64;4.6
23/09/20;2020-W39;Piemonte;0;7;0;1;0;1;0;0;2;19;21;14;85;2.9
30/09/20;2020-W40;Piemonte;2;9;0;1;0;1;0;0;14;33;18;9;67;0.0
07/10/20;2020-W41;Piemonte;0;9;0;1;0;1;0;0;0;33;16;10;78;12.7
14/10/20;2020-W42;Piemonte;0;9;0;1;0;1;0;0;0;33;13;6;85;9.1
21/10/20;2020-W43;Piemonte;0;9;0;1;0;1;0;0;0;33;16;7;63;0.0
28/10/20;2020-W44;Piemonte;0;9;0;1;0;1;0;0;0;33;15;6;78;0.0
04/11/20;2020-W45;Piemonte;0;9;0;1;0;1;0;0;4;37;16;9;84;0.0
12/08/20;2020-W33;Veneto;NA;NA;NA;NA;NA;NA;NA;NA;1;1;32;22;63;0.6
19/08/20;2020-W34;Veneto;NA;NA;NA;NA;NA;NA;NA;NA;0;1;29;19;69;1.4
26/08/20;2020-W35;Veneto;NA;NA;NA;NA;NA;NA;NA;NA;0;1;28;19;68;0.0
02/09/20;2020-W36;Veneto;NA;NA;NA;NA;NA;NA;NA;NA;0;1;24;15;75;6.3
09/09/20;2020-W37;Veneto;NA;NA;NA;NA;NA;NA;NA;NA;2;3;29;21;72;0.0
16/09/20;2020-W38;Veneto;NA;NA;NA;NA;NA;NA;NA;NA;0;3;31;21;55;0.0
23/09/20;2020-W39;Veneto;NA;NA;NA;NA;NA;NA;NA;NA;0;3;25;18;78;5.7
30/09/20;2020-W40;Veneto;2;2;0;0;NA;NA;NA;NA;2;5;21;13;74;0.0
07/10/20;2020-W41;Veneto;1;3;0;0;NA;NA;NA;NA;0;5;19;14;75;2.2
14/10/20;2020-W42;Veneto;0;3;0;0;NA;NA;NA;NA;0;5;15;8;65;0.0
21/10/20;2020-W43;Veneto;1;4;0;0;NA;NA;NA;NA;0;5;18;11;78;0.0
28/10/20;2020-W44;Veneto;0;4;0;0;NA;NA;NA;NA;1;6;16;7;72;0.0
04/11/20;2020-W45;Veneto;0;4;0;0;NA;NA;NA;NA;0;6;17;12;78;0.0
19/08/20;2020-W34;Sardegna;NA;NA;NA;NA;1;1;0;0;NA;NA;30;21;70;0.0
26/08/20;2020-W35;Sardegna;NA;NA;NA;NA;0;1;0;0;NA;NA;29;19;72;0.0
02/09/20;2020-W36;Sardegna;NA;NA;NA;NA;0;1;0;0;2;2;26;18;57;0.0
09/09/20;2020-W37;Sardegna;NA;NA;NA;NA;0;1;0;0;0;2;31;20;66;3.7
16/09/20;2020-W38;Sardegna;NA;NA;NA;NA;0;1;0;0;0;2;27;21;70;0.0
23/09/20;2020-W39;Sardegna;NA;NA;NA;NA;0;1;0;0;0;2;26;20;72;0.6
30/09/20;2020-W40;Sardegna;NA;NA;NA;NA;0;1;0;0;0;2;22;15;67;0.0
07/10/20;2020-W41;Sardegna;NA;NA;NA;NA;0;1;0;0;0;2;21;18;70;1.7
14/10/20;2020-W42;Sardegna;NA;NA;NA;NA;0;1;0;0;0;2;20;14;77;6.0
21/10/20;2020-W43;Sardegna;NA;NA;NA;NA;0;1;0;0;0;2;23;13;68;0.0
28/10/20;2020-W44;Sardegna;NA;NA;NA;NA;0;1;0;0;1;3;18;13;75;3.1
04/11/20;2020-W45;Sardegna;NA;NA;NA;NA;0;1;0;0;0;3;20;13;80;0.0
04/08/21;2021-W31;Emilia-Romagna;1;1;0;0;NA;NA;NA;NA;2;2;31;21;56;0.1
11/08/21;2021-W32;Emilia-Romagna;2;3;0;0;NA;NA;NA;NA;2;4;40;24;41;0.0
18/08/21;2021-W33;Emilia-Romagna;5;8;0;0;NA;NA;NA;NA;1;5;30;19;51;0.0
25/08/21;2021-W34;Emilia-Romagna;6;14;0;0;NA;NA;NA;NA;5;10;30;19;53;0.0
01/09/21;2021-W35;Emilia-Romagna;3;17;0;0;NA;NA;NA;NA;14;24;31;17;56;0.1
08/09/21;2021-W36;Emilia-Romagna;2;19;0;0;NA;NA;NA;NA;2;26;34;17;33;0.0
15/09/21;2021-W37;Emilia-Romagna;3;22;0;0;NA;NA;NA;NA;1;27;33;20;50;0.0
22/09/21;2021-W38;Emilia-Romagna;3;25;0;0;NA;NA;NA;NA;0;27;23;14;63;0.0
29/09/21;2021-W39;Emilia-Romagna;2;27;0;0;NA;NA;NA;NA;0;27;26;19;63;0.1
06/10/21;2021-W40;Emilia-Romagna;1;28;0;0;NA;NA;NA;NA;0;27;21;14;78;3.2
13/10/21;2021-W41;Emilia-Romagna;0;28;0;0;NA;NA;NA;NA;0;27;19;10;59;0.1
20/10/21;2021-W42;Emilia-Romagna;1;29;0;0;NA;NA;NA;NA;0;27;22;11;61;0.0
27/10/21;2021-W43;Emilia-Romagna;0;29;0;0;NA;NA;NA;NA;0;27;19;9;48;0.0
03/11/21;2021-W44;Emilia-Romagna;0;29;0;0;NA;NA;NA;NA;39;66;16;11;81;0.1
10/11/21;2021-W45;Emilia-Romagna;0;29;0;0;NA;NA;NA;NA;1;67;14;7;66;0.0
17/11/21;2021-W46;Emilia-Romagna;0;29;0;0;NA;NA;NA;NA;0;67;11;10;86;1.5
24/11/21;2021-W47;Emilia-Romagna;0;29;0;0;NA;NA;NA;NA;0;67;11;6;67;0.0
11/08/21;2021-W32;Friuli-Venezia Giulia;1;1;0;0;NA;NA;NA;NA;NA;NA;30;23;61;0.2
18/08/21;2021-W33;Friuli-Venezia Giulia;0;1;0;0;NA;NA;NA;NA;NA;NA;25;20;53;0.0
25/08/21;2021-W34;Friuli-Venezia Giulia;0;1;0;0;NA;NA;NA;NA;NA;NA;26;18;56;0.0
01/09/21;2021-W35;Friuli-Venezia Giulia;0;1;0;0;NA;NA;NA;NA;NA;NA;28;16;64;0.1
08/09/21;2021-W36;Friuli-Venezia Giulia;0;1;0;0;NA;NA;NA;NA;NA;NA;30;18;43;0.0
15/09/21;2021-W37;Friuli-Venezia Giulia;0;1;0;0;NA;NA;NA;NA;NA;NA;27;20;57;0.0
22/09/21;2021-W38;Friuli-Venezia Giulia;0;1;0;0;NA;NA;NA;NA;NA;NA;22;13;56;0.0
29/09/21;2021-W39;Friuli-Venezia Giulia;0;1;0;0;NA;NA;NA;NA;NA;NA;25;19;63;0.1
06/10/21;2021-W40;Friuli-Venezia Giulia;0;1;0;0;NA;NA;NA;NA;NA;NA;19;13;80;8.8
13/10/21;2021-W41;Friuli-Venezia Giulia;0;1;0;0;NA;NA;NA;NA;NA;NA;18;10;61;0.0
20/10/21;2021-W42;Friuli-Venezia Giulia;0;1;0;0;NA;NA;NA;NA;NA;NA;20;13;68;0.0
27/10/21;2021-W43;Friuli-Venezia Giulia;0;1;0;0;NA;NA;NA;NA;NA;NA;19;9;53;0.0
03/11/21;2021-W44;Friuli-Venezia Giulia;0;1;0;0;NA;NA;NA;NA;NA;NA;16;13;84;5.6
10/11/21;2021-W45;Friuli-Venezia Giulia;0;1;0;0;NA;NA;NA;NA;NA;NA;16;7;70;0.0
17/11/21;2021-W46;Friuli-Venezia Giulia;0;1;0;0;NA;NA;NA;NA;NA;NA;15;10;70;0.0
24/11/21;2021-W47;Friuli-Venezia Giulia;0;1;0;0;NA;NA;NA;NA;NA;NA;11;5;57;0.0
21/07/21;2021-W29;Liguria;1;1;0;0;NA;NA;NA;NA;NA;NA;25;23;68;0.1
28/07/21;2021-W30;Liguria;0;1;0;0;NA;NA;NA;NA;NA;NA;24;21;72;0.0
11/08/21;2021-W32;Liguria;0;1;0;0;NA;NA;NA;NA;NA;NA;27;23;61;0.0
18/08/21;2021-W33;Liguria;0;1;0;0;NA;NA;NA;NA;NA;NA;27;23;66;0.1
25/08/21;2021-W34;Liguria;0;1;0;0;NA;NA;NA;NA;NA;NA;25;21;62;0.0
01/09/21;2021-W35;Liguria;0;1;0;0;NA;NA;NA;NA;NA;NA;22;15;69;0.0
08/09/21;2021-W36;Liguria;0;1;0;0;NA;NA;NA;NA;NA;NA;24;22;56;0.0
15/09/21;2021-W37;Liguria;0;1;0;0;NA;NA;NA;NA;NA;NA;23;21;80;0.6
22/09/21;2021-W38;Liguria;0;1;0;0;NA;NA;NA;NA;NA;NA;21;17;62;0.0
29/09/21;2021-W39;Liguria;0;1;0;0;NA;NA;NA;NA;NA;NA;21;19;78;0.7
06/10/21;2021-W40;Liguria;0;1;0;0;NA;NA;NA;NA;NA;NA;18;14;73;1.9
13/10/21;2021-W41;Liguria;0;1;0;0;NA;NA;NA;NA;NA;NA;18;13;61;0.0
20/10/21;2021-W42;Liguria;0;1;0;0;NA;NA;NA;NA;NA;NA;18;16;76;1.0
27/10/21;2021-W43;Liguria;0;1;0;0;NA;NA;NA;NA;NA;NA;17;14;56;0.0
03/11/21;2021-W44;Liguria;0;1;0;0;NA;NA;NA;NA;NA;NA;16;14;78;9.3
10/11/21;2021-W45;Liguria;0;1;0;0;NA;NA;NA;NA;NA;NA;16;11;63;0.0
17/11/21;2021-W46;Liguria;0;1;0;0;NA;NA;NA;NA;NA;NA;14;13;73;0.1
24/11/21;2021-W47;Liguria;0;1;0;0;NA;NA;NA;NA;NA;NA;12;10;60;0.0
28/07/21;2021-W30;Lombardia;NA;NA;NA;NA;NA;NA;NA;NA;2;2;23;15;85;13.0
04/08/21;2021-W31;Lombardia;NA;NA;NA;NA;NA;NA;NA;NA;0;2;21;16;90;13.9
11/08/21;2021-W32;Lombardia;NA;NA;NA;NA;NA;NA;NA;NA;0;2;22;15;88;31.3
18/08/21;2021-W33;Lombardia;1;1;0;0;NA;NA;NA;NA;1;3;22;15;88;21.6
25/08/21;2021-W34;Lombardia;1;2;0;0;NA;NA;NA;NA;0;3;22;15;88;27.9
01/09/21;2021-W35;Lombardia;2;4;0;0;NA;NA;NA;NA;1;4;19;15;95;4.0
08/09/21;2021-W36;Lombardia;0;4;0;0;1;1;0;0;1;5;21;14;87;2.6
15/09/21;2021-W37;Lombardia;1;5;0;0;0;1;0;0;0;5;23;14;87;0.9
22/09/21;2021-W38;Lombardia;0;5;0;0;1;2;0;0;0;5;25;15;81;2.5
29/09/21;2021-W39;Lombardia;5;10;0;0;0;2;0;0;6;11;21;15;92;5.8
06/10/21;2021-W40;Lombardia;4;14;0;0;0;2;0;0;0;11;23;16;85;2.3
13/10/21;2021-W41;Lombardia;1;15;0;0;2;4;0;0;1;12;23;14;82;0.1
20/10/21;2021-W42;Lombardia;1;16;0;0;0;4;0;0;0;12;23;14;83;0.7
27/10/21;2021-W43;Lombardia;0;16;0;0;0;4;0;0;0;12;24;13;77;0.0
03/11/21;2021-W44;Lombardia;1;17;0;0;0;4;0;0;0;12;22;14;82;1.2
10/11/21;2021-W45;Lombardia;0;17;0;0;0;4;0;0;0;12;23;13;62;0.0
17/11/21;2021-W46;Lombardia;0;17;0;0;0;4;0;0;0;12;21;12;70;0.2
24/11/21;2021-W47;Lombardia;0;17;0;0;0;4;0;0;0;12;23;12;70;0.4
15/09/21;2021-W37;Piemonte;NA;NA;NA;NA;NA;NA;NA;NA;1;1;27;15;49;0.0
22/09/21;2021-W38;Piemonte;NA;NA;NA;NA;NA;NA;NA;NA;0;1;25;11;65;0.0
29/09/21;2021-W39;Piemonte;1;1;0;0;NA;NA;NA;NA;0;1;24;15;75;2.3
06/10/21;2021-W40;Piemonte;1;2;0;0;NA;NA;NA;NA;0;1;17;11;83;5.0
13/10/21;2021-W41;Piemonte;0;2;0;0;NA;NA;NA;NA;1;2;17;6;66;0.0
20/10/21;2021-W42;Piemonte;0;2;0;0;NA;NA;NA;NA;0;2;20;8;52;0.0
27/10/21;2021-W43;Piemonte;0;2;0;0;NA;NA;NA;NA;0;2;19;7;70;0.0
03/11/21;2021-W44;Piemonte;0;2;0;0;NA;NA;NA;NA;0;2;13;10;91;6.2
10/11/21;2021-W45;Piemonte;0;2;0;0;NA;NA;NA;NA;1;3;15;8;80;0.0
17/11/21;2021-W46;Piemonte;0;2;0;0;2;2;0;0;0;3;13;7;88;2.0
24/11/21;2021-W47;Piemonte;0;2;0;0;0;2;0;0;2;5;10;6;88;1.2
01/09/21;2021-W35;Veneto;1;1;0;0;NA;NA;NA;NA;NA;NA;31;14;60;0.5
08/09/21;2021-W36;Veneto;1;2;0;0;NA;NA;NA;NA;NA;NA;32;16;44;0.1
15/09/21;2021-W37;Veneto;1;3;0;0;NA;NA;NA;NA;2;2;31;19;49;0.0
22/09/21;2021-W38;Veneto;1;4;0;0;NA;NA;NA;NA;0;2;22;13;60;0.0
29/09/21;2021-W39;Veneto;1;5;0;0;NA;NA;NA;NA;3;5;27;17;58;0.1
06/10/21;2021-W40;Veneto;0;5;0;0;NA;NA;NA;NA;1;6;16;12;87;10.5
13/10/21;2021-W41;Veneto;0;5;0;0;NA;NA;NA;NA;0;6;18;9;61;0.2
20/10/21;2021-W42;Veneto;0;5;0;0;NA;NA;NA;NA;0;6;20;11;68;0.0
27/10/21;2021-W43;Veneto;0;5;0;0;NA;NA;NA;NA;0;6;20;9;47;0.0
03/11/21;2021-W44;Veneto;0;5;0;0;NA;NA;NA;NA;0;6;15;11;86;3.5
10/11/21;2021-W45;Veneto;0;5;0;0;NA;NA;NA;NA;0;6;14;6;66;0.0
17/11/21;2021-W46;Veneto;0;5;0;0;NA;NA;NA;NA;1;7;15;10;71;0.0
24/11/21;2021-W47;Veneto;0;5;0;0;NA;NA;NA;NA;0;7;11;5;67;0.0
15/09/21;2021-W37;Sardegna;NA;NA;NA;NA;NA;NA;NA;NA;1;1;34;22;53;0.0
22/09/21;2021-W38;Sardegna;NA;NA;NA;NA;NA;NA;NA;NA;0;1;28;19;68;0.3
29/09/21;2021-W39;Sardegna;NA;NA;NA;NA;NA;NA;NA;NA;1;2;29;19;68;0.0
06/10/21;2021-W40;Sardegna;NA;NA;NA;NA;NA;NA;NA;NA;0;2;22;18;60;0.3
13/10/21;2021-W41;Sardegna;NA;NA;NA;NA;NA;NA;NA;NA;0;2;22;15;65;0.7
20/10/21;2021-W42;Sardegna;NA;NA;NA;NA;NA;NA;NA;NA;0;2;25;12;69;0.0
27/10/21;2021-W43;Sardegna;NA;NA;NA;NA;NA;NA;NA;NA;2;4;23;12;64;0.0
03/11/21;2021-W44;Sardegna;NA;NA;NA;NA;NA;NA;NA;NA;2;6;17;16;87;4.1
10/11/21;2021-W45;Sardegna;NA;NA;NA;NA;NA;NA;NA;NA;0;6;19;14;84;2.0
17/11/21;2021-W46;Sardegna;NA;NA;NA;NA;NA;NA;NA;NA;3;9;16;12;78;0.0
24/11/21;2021-W47;Sardegna;NA;NA;NA;NA;NA;NA;NA;NA;0;9;18;10;78;0.1
19/07/22;2022-W29;Emilia-Romagna;4;4;1;1;NA;NA;NA;NA;NA;NA;41;21;30;0.0
26/07/22;2022-W30;Emilia-Romagna;7;11;0;1;NA;NA;NA;NA;NA;NA;38;23;62;0.6
02/08/22;2022-W31;Emilia-Romagna;10;21;0;1;NA;NA;NA;NA;NA;NA;41;23;38;0.0
09/08/22;2022-W32;Emilia-Romagna;9;30;0;1;1;1;NA;NA;NA;NA;36;20;58;0.6
16/08/22;2022-W33;Emilia-Romagna;10;40;1;2;0;1;NA;NA;NA;NA;36;21;68;0.8
23/08/22;2022-W34;Emilia-Romagna;10;50;0;2;1;2;NA;NA;NA;NA;31;18;63;0.2
30/08/22;2022-W35;Emilia-Romagna;11;61;0;2;1;3;NA;NA;NA;NA;35;23;59;0.2
06/09/22;2022-W36;Emilia-Romagna;6;67;0;2;0;3;NA;NA;NA;NA;36;21;53;0.1
13/09/22;2022-W37;Emilia-Romagna;11;78;0;2;2;5;NA;NA;NA;NA;34;18;52;0.0
20/09/22;2022-W38;Emilia-Romagna;5;83;1;3;1;6;NA;NA;NA;NA;23;13;66;0.0
27/09/22;2022-W39;Emilia-Romagna;3;86;0;3;0;6;NA;NA;NA;NA;22;13;68;0.1
04/10/22;2022-W40;Emilia-Romagna;1;87;0;3;4;10;NA;NA;NA;NA;25;15;68;0.0
11/10/22;2022-W41;Emilia-Romagna;2;89;1;4;NA;NA;NA;NA;NA;NA;22;16;67;0.0
09/08/22;2022-W32;Friuli-Venezia Giulia;2;2;0;0;NA;NA;NA;NA;NA;NA;33;22;54;0.1
16/08/22;2022-W33;Friuli-Venezia Giulia;2;4;0;0;NA;NA;NA;NA;NA;NA;29;21;74;0.8
23/08/22;2022-W34;Friuli-Venezia Giulia;6;10;0;0;NA;1;1;NA;NA;NA;26;18;56;0.0
30/08/22;2022-W35;Friuli-Venezia Giulia;3;13;0;0;NA;0;1;NA;NA;NA;27;22;69;0.5
06/09/22;2022-W36;Friuli-Venezia Giulia;2;15;1;1;NA;1;2;NA;NA;NA;30;20;62;0.0
13/09/22;2022-W37;Friuli-Venezia Giulia;0;15;0;1;NA;0;2;NA;NA;NA;25;18;67;0.0
20/09/22;2022-W38;Friuli-Venezia Giulia;3;18;0;1;NA;3;5;NA;NA;NA;22;13;61;0.0
27/09/22;2022-W39;Friuli-Venezia Giulia;0;18;0;1;NA;0;5;NA;NA;NA;20;13;75;1.6
04/10/22;2022-W40;Friuli-Venezia Giulia;18;18;0;1;NA;0;5;NA;NA;NA;21;14;71;0.0
11/10/22;2022-W41;Friuli-Venezia Giulia;0;18;0;1;NA;NA;NA;NA;NA;NA;21;15;73;0.2
19/07/22;2022-W29;Lombardia;2;2;0;0;NA;NA;NA;NA;NA;NA;23;14;78;0.5
26/07/22;2022-W30;Lombardia;2;4;0;0;NA;NA;NA;NA;NA;NA;22;15;87;3.8
02/08/22;2022-W31;Lombardia;3;7;0;0;NA;NA;NA;NA;NA;NA;23;13;83;4.1
09/08/22;2022-W32;Lombardia;4;11;1;1;NA;NA;NA;NA;NA;NA;22;13;85;4.1
16/08/22;2022-W33;Lombardia;6;17;0;1;NA;1;1;NA;NA;NA;19;15;95;3.7
23/08/22;2022-W34;Lombardia;0;17;0;1;NA;3;4;NA;NA;NA;23;14;83;4.4
30/08/22;2022-W35;Lombardia;24;41;2;3;NA;1;5;NA;NA;NA;20;16;91;16.1
06/09/22;2022-W36;Lombardia;9;50;0;3;NA;0;5;NA;NA;NA;21;14;87;1.6
13/09/22;2022-W37;Lombardia;5;55;1;4;NA;2;7;NA;NA;NA;20;15;91;5.3
20/09/22;2022-W38;Lombardia;1;56;1;5;NA;2;9;NA;NA;NA;20;14;91;3.7
27/09/22;2022-W39;Lombardia;2;58;0;5;NA;0;9;NA;NA;NA;23;14;84;2.1
04/10/22;2022-W40;Lombardia;2;60;0;5;NA;0;9;NA;NA;NA;20;16;93;5.8
11/10/22;2022-W41;Lombardia;8;68;2;7;NA;NA;NA;NA;NA;NA;23;15;78;0.5
19/07/22;2022-W29;Piemonte;2;2;1;1;NA;NA;NA;NA;NA;NA;39;18;41;0.0
26/07/22;2022-W30;Piemonte;0;2;0;1;NA;NA;NA;NA;NA;NA;37;19;48;0.0
02/08/22;2022-W31;Piemonte;3;5;0;1;NA;NA;NA;NA;NA;NA;38;18;33;0.0
09/08/22;2022-W32;Piemonte;7;12;1;2;NA;NA;NA;NA;NA;NA;32;16;73;9.5
16/08/22;2022-W33;Piemonte;8;20;0;2;NA;NA;NA;NA;NA;NA;34;17;61;2.2
23/08/22;2022-W34;Piemonte;5;25;1;3;NA;1;1;NA;NA;NA;31;15;54;0.0
30/08/22;2022-W35;Piemonte;5;30;1;4;NA;2;3;NA;NA;NA;32;18;63;0.1
06/09/22;2022-W36;Piemonte;8;38;1;5;NA;4;7;NA;NA;NA;33;17;58;0.0
13/09/22;2022-W37;Piemonte;2;40;0;5;NA;0;7;NA;NA;NA;30;14;47;0.0
20/09/22;2022-W38;Piemonte;11;51;0;5;NA;0;7;NA;NA;NA;23;12;63;0.0
27/09/22;2022-W39;Piemonte;2;53;0;5;NA;3;10;NA;NA;NA;16;10;88;3.5
04/10/22;2022-W40;Piemonte;56;53;0;5;NA;0;10;NA;NA;NA;24;11;72;0.0
11/10/22;2022-W41;Piemonte;0;53;0;5;NA;NA;NA;NA;NA;NA;22;11;79;1.2
16/08/22;2022-W33;Sardegna;1;1;0;0;NA;NA;NA;NA;NA;NA;36;24;67;0.2
23/08/22;2022-W34;Sardegna;0;1;0;0;NA;NA;NA;NA;NA;NA;32;20;69;0.0
30/08/22;2022-W35;Sardegna;1;2;0;0;NA;NA;NA;NA;NA;NA;37;24;52;0.2
06/09/22;2022-W36;Sardegna;2;4;0;0;NA;NA;NA;NA;NA;NA;34;23;62;0.0
13/09/22;2022-W37;Sardegna;0;4;0;0;NA;NA;NA;NA;NA;NA;37;21;56;0.0
20/09/22;2022-W38;Sardegna;2;6;0;0;NA;NA;NA;NA;NA;NA;27;17;63;0.0
27/09/22;2022-W39;Sardegna;0;6;0;0;NA;NA;NA;NA;NA;NA;23;19;63;1.4
04/10/22;2022-W40;Sardegna;1;7;1;1;NA;NA;NA;NA;NA;NA;26;16;70;0.0
11/10/22;2022-W41;Sardegna;0;7;0;1;NA;NA;NA;NA;NA;NA;29;18;68;0.2
13/09/22;2022-W37;Sicilia;1;1;0;0;NA;NA;NA;NA;NA;NA;31;22;60;0.0
20/09/22;2022-W38;Sicilia;0;1;0;0;NA;NA;NA;NA;NA;NA;30;22;66;0.0
27/09/22;2022-W39;Sicilia;0;1;0;0;NA;NA;NA;NA;NA;NA;25;21;69;0.0
04/10/22;2022-W40;Sicilia;0;1;0;0;NA;NA;NA;NA;NA;NA;24;19;73;0.0
11/10/22;2022-W41;Sicilia;1;1;1;1;NA;NA;NA;NA;NA;NA;26;21;67;0.2
16/08/22;2022-W33;Toscana;1;1;0;0;NA;NA;NA;NA;NA;NA;32;22;75;2.0
23/08/22;2022-W34;Toscana;2;3;0;0;NA;NA;NA;NA;NA;NA;33;21;50;0.0
30/08/22;2022-W35;Toscana;0;3;0;0;NA;NA;NA;NA;NA;NA;29;22;71;0.0
06/09/22;2022-W36;Toscana;0;3;0;0;NA;NA;NA;NA;NA;NA;29;21;65;0.0
13/09/22;2022-W37;Toscana;0;3;0;0;NA;NA;NA;NA;NA;NA;29;19;63;0.0
20/09/22;2022-W38;Toscana;0;3;0;0;NA;NA;NA;NA;NA;NA;25;16;61;0.0
27/09/22;2022-W39;Toscana;0;3;0;0;NA;NA;NA;NA;NA;NA;22;16;65;0.8
04/10/22;2022-W40;Toscana;0;3;0;0;NA;NA;NA;NA;NA;NA;24;16;72;0.0
11/10/22;2022-W41;Toscana;0;3;0;0;NA;NA;NA;NA;NA;NA;23;16;77;0.0
12/07/22;2022-W28;Veneto;1;1;0;0;NA;NA;NA;NA;NA;NA;29;18;66;0.8
19/07/22;2022-W29;Veneto;6;7;2;2;NA;NA;NA;NA;NA;NA;36;21;45;0.0
26/07/22;2022-W30;Veneto;18;25;1;3;NA;NA;NA;NA;NA;NA;35;21;65;3.0
02/08/22;2022-W31;Veneto;36;61;2;5;NA;NA;NA;NA;NA;NA;37;20;56;0.6
09/08/22;2022-W32;Veneto;28;89;1;6;NA;NA;NA;NA;NA;NA;34;19;57;0.4
16/08/22;2022-W33;Veneto;58;147;2;8;NA;NA;NA;NA;NA;NA;33;18;73;1.8
23/08/22;2022-W34;Veneto;48;195;1;9;NA;NA;NA;NA;NA;NA;31;17;69;0.5
30/08/22;2022-W35;Veneto;39;234;4;13;NA;NA;NA;NA;NA;NA;29;21;72;7.2
06/09/22;2022-W36;Veneto;28;262;0;13;NA;NA;NA;NA;NA;NA;33;19;61;0.0
13/09/22;2022-W37;Veneto;14;276;0;13;NA;NA;NA;NA;NA;NA;31;16;66;0.0
20/09/22;2022-W38;Veneto;22;298;1;14;NA;NA;NA;NA;NA;NA;22;11;59;0.0
27/09/22;2022-W39;Veneto;13;311;0;14;NA;NA;NA;NA;NA;NA;21;13;78;1.2
04/10/22;2022-W40;Veneto;7;318;2;16;NA;NA;NA;NA;NA;NA;22;14;70;0.0
11/10/22;2022-W41;Veneto;4;322;1;17;NA;NA;NA;NA;NA;NA;23;14;68;0.0